#,Invalid?,DB,Question,Gold SQL,Predicted SQL,Category,Reasoning
1,Yes,flight_2,Give the code of the airport with the least flights.,SELECT T1.AirportCode FROM AIRPORTS AS T1 JOIN FLIGHTS AS T2 ON T1.AirportCode  =  T2.DestAirport OR T1.AirportCode  =  T2.SourceAirport GROUP BY T1.AirportCode ORDER BY count(*) LIMIT 1,SELECT AirportCode FROM airports ORDER BY COUNT(*) ASC LIMIT 1;,Aggregation / superlative logic,"The query misuses COUNT() in ORDER BY without a GROUP BY, causing an aggregation error"
2,No,student_transcripts_tracking,"On average, when were the transcripts printed?",SELECT avg(transcript_date) FROM Transcripts,SELECT AVG(T2.transcript_date) FROM Transcript_Contents AS T1 INNER JOIN Transcripts AS T2 ON T1.transcript_id = T2.transcript_id GROUP BY T1.transcript_id;,Output shape / source mismatch,"The query adds an unnecessary GROUP BY, producing multiple rows instead of the single average value expected."
3,No,battle_death,What are the distinct battle names which are between bulgarian commander 'Kaloyan' and latin commander 'Baldwin I'?,SELECT name FROM battle WHERE bulgarian_commander  =  'Kaloyan' AND latin_commander  =  'Baldwin I',SELECT DISTINCT T1.name FROM battle AS T1 INNER JOIN ship AS T2 ON T1.id = T2.lost_in_battle WHERE T1.bulgarian_commander = 'Kaloyan' AND T1.latin_commander = 'Baldwin I';,Join distorts result,"The query adds a valid inner join to ship, which can exclude battles lacking ships and thus changes the result set"
4,Yes,car_1,What are the ids and names of all countries that either have more than 3 car makers or produce fiat model ?,"select t1.countryid ,  t1.countryname from countries as t1 join car_makers as t2 on t1.countryid  =  t2.country group by t1.countryid having count(*)  >  3 union select t1.countryid ,  t1.countryname from countries as t1 join car_makers as t2 on t1.countryid  =  t2.country join model_list as t3 on t2.id  =  t3.maker where t3.model  =  'fiat';","SELECT T2.CountryId, T2.CountryName FROM car_makers AS T1 INNER JOIN countries AS T2 ON T1.Country = T2.CountryId WHERE T1.Maker = 'Fiat' OR COUNT(T1.Id) > 3;",Aggregation / superlative logic,"The query misuses COUNT() in the WHERE clause without grouping, causing an aggregation error"
5,No,network_1,Show the names and grades of each high schooler.,"SELECT name ,  grade FROM Highschooler","SELECT T2.name, T2.grade FROM Friend AS T1 INNER JOIN Highschooler AS T2 ON T1.student_id = T2.ID;",Join distorts result,"The query adds a valid join to Friend, which filters and duplicates rows, so it does not return all highschoolers as required"
6,No,pets_1,Find the first name and age of students who have a dog but do not have a cat as a pet.,"SELECT T1.fname ,  T1.age FROM student AS T1 JOIN has_pet AS T2 ON T1.stuid  =  T2.stuid JOIN pets AS T3 ON T3.petid  =  T2.petid WHERE T3.pettype  =  'dog' AND T1.stuid NOT IN (SELECT T1.stuid FROM student AS T1 JOIN has_pet AS T2 ON T1.stuid  =  T2.stuid JOIN pets AS T3 ON T3.petid  =  T2.petid WHERE T3.pettype  =  'cat')","SELECT T1.Fname, T1.Age
FROM Student AS T1
JOIN Has_Pet AS T2 ON T1.StuID = T2.StuID
JOIN Pets AS T3 ON T2.PetID = T3.PetID
WHERE T3.PetType = 'Dog' AND T3.PetType != 'Cat';",Negation / exclusion logic,"Uses PetType != 'Cat' on the same row instead of excluding students who have any cat, resulting in incorrect exclusion logic"
7,No,pets_1,Find the major and age of students who do not have a cat pet.,"SELECT major ,  age FROM student WHERE stuid NOT IN (SELECT T1.stuid FROM student AS T1 JOIN has_pet AS T2 ON T1.stuid  =  T2.stuid JOIN pets AS T3 ON T3.petid  =  T2.petid WHERE T3.pettype  =  'cat')","SELECT T1.Major, T1.Age FROM Student AS T1 INNER JOIN Has_Pet AS T2 ON T1.StuID = T2.StuID INNER JOIN Pets AS T3 ON T2.PetID = T3.PetID WHERE T3.PetType != 'cat'",Join distorts result,"The query uses inner joins and a PetType != 'cat' filter, which includes students who also have cats and omits students with no pets, distorting the intended exclusion result."
8,Yes,car_1,Which model of the car has the minimum horsepower?,SELECT T1.Model FROM CAR_NAMES AS T1 JOIN CARS_DATA AS T2 ON T1.MakeId  =  T2.Id ORDER BY T2.horsepower ASC LIMIT 1;,SELECT T2.Model FROM cars_data AS T1 INNER JOIN car_names AS T2 ON T1.MakeId = T2.MakeId ORDER BY T1.Horsepower ASC LIMIT 1;,Schema / Join Hallucination,"The predicted query references T1.MakeId, a column that does not exist in the cars_data table, causing a schema error."
9,Yes,world_1,What is the average expected life expectancy for countries in the region of Central Africa?,"SELECT avg(LifeExpectancy) FROM country WHERE Region  =  ""Central Africa""","SELECT AVG(T2.LifeExpectancy) 
FROM country AS T1 
JOIN countrylanguage AS T2 ON T1.Code = T2.CountryCode 
WHERE T1.Region = 'Central Africa';",Schema / Join Hallucination,"The query selects T2.LifeExpectancy, but LifeExpectancy exists only in the country table, not in countrylanguage, causing an invalid column reference."
10,Yes,student_transcripts_tracking,"What is the first, middle, and last name of the earliest school graduate?","SELECT first_name ,  middle_name ,  last_name FROM Students ORDER BY date_left ASC LIMIT 1","SELECT T1.first_name, T1.middle_name, T1.last_name
FROM Students AS T1
JOIN Student_Enrolment AS T2 ON T1.student_id = T2.student_id
JOIN Transcripts AS T3 ON T2.student_enrolment_id = T3.student_course_id
ORDER BY T3.transcript_date ASC
LIMIT 1;",Schema / Join Hallucination,"The query joins on T3.student_course_id, a column that does not exist in the Transcripts table, causing a schema error."
11,No,wta_1,Find the first name and country code of the player who did the most number of tours.,"SELECT T1.country_code ,  T1.first_name FROM players AS T1 JOIN rankings AS T2 ON T1.player_id  =  T2.player_id ORDER BY T2.tours DESC LIMIT 1","SELECT p.first_name, p.country_code
FROM players p
JOIN (
    SELECT player_id, COUNT(*) AS num_tours
    FROM rankings
    GROUP BY player_id
) r ON p.player_id = r.player_id
ORDER BY r.num_tours DESC
LIMIT 1;",Aggregation / superlative logic,"The query aggregates COUNT(*) per player instead of using the tours column, misapplying aggregation for the superlative request"
12,No,tvshow,How many TV Channel using language English?,"SELECT count(*) FROM TV_Channel WHERE LANGUAGE = ""English"";",SELECT COUNT(T2.id) FROM TV_Channel AS T1 INNER JOIN Cartoon AS T2 ON T1.id = T2.Channel WHERE T1.Language = 'English';,Join distorts result,"The query joins Cartoon and counts its rows, distorting the result by counting cartoons rather than TV channels with English language"
13,Yes,orchestra,What are the record companies of orchestras in descending order of years in which they were founded?,SELECT Record_Company FROM orchestra ORDER BY Year_of_Founded DESC,SELECT T2.Record_Company FROM orchestra AS T1 INNER JOIN performance AS T2 ON T1.Orchestra_ID = T2.Orchestra_ID ORDER BY T1.Year_of_Founded DESC;,Schema / Join Hallucination,"The query references Record_Company as T2.Record_Company, but the performance table (alias T2) has no such column, violating the schema."
14,No,network_1,Show the names of all of the high schooler Kyle's friends.,"SELECT T3.name FROM Friend AS T1 JOIN Highschooler AS T2 ON T1.student_id  =  T2.id JOIN Highschooler AS T3 ON T1.friend_id  =  T3.id WHERE T2.name  =  ""Kyle""",SELECT T2.name FROM Friend AS T1 INNER JOIN Highschooler AS T2 ON T1.friend_id = T2.ID WHERE T2.name = 'Kyle',Join distorts result,"The query uses a valid join but filters on the friend's name instead of the student's name, returning incorrect rows"
15,Yes,concert_singer,Show the name and the release year of the song by the youngest singer.,"SELECT song_name ,  song_release_year FROM singer ORDER BY age LIMIT 1","SELECT T2.Name, T1.Song_release_year
FROM singer AS T1
JOIN concert AS T2 ON T1.Singer_ID = T2.concert_ID
WHERE T1.Age = (SELECT MIN(Age) FROM singer)
ORDER BY T1.Age DESC
LIMIT 1;",Schema / Join Hallucination,"The query references a non‑existent column T2.Name and joins on an invalid key, both not present in the provided schema."
16,No,world_1,What are the Asian countries which have a population larger than that of any country in Africa?,"SELECT Name FROM country WHERE Continent  =  ""Asia""  AND population  >  (SELECT min(population) FROM country WHERE Continent  =  ""Africa"")",SELECT T2.Name FROM country AS T1 INNER JOIN city AS T2 ON T1.Code = T2.CountryCode WHERE T1.Continent = 'Asia' AND T1.Population > ( SELECT MAX(Population) FROM country WHERE Continent = 'Africa' ),Output shape / source mismatch,"The query joins to the city table and returns city names instead of the required Asian country names, causing the output source to be incorrect."
17,Yes,world_1,What are the population and life expectancies in Brazil?,"SELECT Population ,  LifeExpectancy FROM country WHERE Name  =  ""Brazil""","SELECT T2.Population, T2.LifeExpectancy FROM country AS T1 INNER JOIN city AS T2 ON T1.Code = T2.CountryCode WHERE T1.Name = 'Brazil';",Schema / Join Hallucination,"The query selects LifeExpectancy from the city table, a column that does not exist in that table, causing a schema error."
18,No,car_1,How many cars have a larger accelerate than the car with the largest horsepower?,SELECT COUNT(*) FROM CARS_DATA WHERE Accelerate  >  ( SELECT Accelerate FROM CARS_DATA ORDER BY Horsepower DESC LIMIT 1 );,SELECT COUNT(*) FROM cars_data WHERE Accelerate > (SELECT MAX(Horsepower) FROM cars_data),Aggregation / superlative logic,"The query uses MAX(Horsepower) to compare against Accelerate, misapplying aggregation instead of selecting the Accelerate of the car with the highest horsepower"
19,No,world_1,Give the country codes for countries in which people speak langauges that are not English.,"SELECT DISTINCT CountryCode FROM countrylanguage WHERE LANGUAGE != ""English""",SELECT T1.Code FROM country AS T1 INNER JOIN countrylanguage AS T2 ON T1.Code = T2.CountryCode WHERE T2.Language != 'English',Join distorts result,The join is valid but without DISTINCT it returns duplicate country codes for countries with multiple non‑English languages
20,No,cre_Doc_Template_Mgt,Return the code of the template type that is most commonly used in documents.,SELECT T1.template_type_code FROM Templates AS T1 JOIN Documents AS T2 ON T1.template_id  =  T2.template_id GROUP BY T1.template_type_code ORDER BY count(*) DESC LIMIT 1,"SELECT Template_Type_Code
FROM Templates
GROUP BY Template_Type_Code
ORDER BY COUNT(*) DESC
LIMIT 1;",Join distorts result,"The predicted query omits the join to Documents, counting templates per type instead of document usage, distorting the result despite valid schema"
21,Yes,car_1,What are the different models for the cards produced after 1980?,SELECT DISTINCT T1.model FROM MODEL_LIST AS T1 JOIN CAR_NAMES AS T2 ON T1.model  =  T2.model JOIN CARS_DATA AS T3 ON T2.MakeId  =  T3.id WHERE T3.year  >  1980;,SELECT DISTINCT T2.Model FROM cars_data AS T1 INNER JOIN car_names AS T2 ON T1.MakeId = T2.MakeId WHERE T1.Year > 1980;,Schema / Join Hallucination,"The predicted SQL joins on T1.MakeId, but the cars_data table has no MakeId column, causing a schema error."
22,No,course_teach,Show the name of teachers aged either 32 or 33?,SELECT Name FROM teacher WHERE Age  =  32 OR Age  =  33,"SELECT T1.Name FROM teacher AS T1 INNER JOIN course_arrange AS T2 ON T1.Teacher_ID = T2.Teacher_ID WHERE T1.Age IN ('32', '33');",Join distorts result,"The extra INNER JOIN to course_arrange may exclude or duplicate teachers, altering the correct set of names for ages 32 or 33"
23,Yes,car_1,Find the name of the makers that produced some cars in the year of 1970?,SELECT DISTINCT T1.Maker FROM CAR_MAKERS AS T1 JOIN MODEL_LIST AS T2 ON T1.Id  =  T2.Maker JOIN CAR_NAMES AS T3 ON T2.model  =  T3.model JOIN CARS_DATA AS T4 ON T3.MakeId  =  T4.id WHERE T4.year  =  '1970';,SELECT DISTINCT T2.Maker FROM cars_data AS T1 INNER JOIN car_names AS T2 ON T1.MakeId = T2.MakeId WHERE T1.Year = 1970;,Schema / Join Hallucination,The predicted query references non‑existent columns (T2.Maker and T1.MakeId) that are not present in the provided schema.
24,Yes,network_1,What is the grade of each high schooler?,SELECT grade FROM Highschooler,SELECT T2.grade FROM Highschooler AS T1 INNER JOIN Friend AS T2 ON T1.ID = T2.student_id,Schema / Join Hallucination,"The query selects T2.grade, but the Friend table (aliased as T2) has no grade column, violating the schema."
25,Yes,employee_hire_evaluation,What are the manager name and district of the shop that sells the largest number of products?,"SELECT manager_name ,  district FROM shop ORDER BY number_products DESC LIMIT 1","SELECT T2.Manager_name, T2.District
FROM shop AS T1
JOIN employee AS T2 ON T1.Shop_ID = T2.Shop_ID
ORDER BY T1.Number_products DESC
LIMIT 1;",Schema / Join Hallucination,"The query joins employee on Shop_ID and selects Manager_name from employee, but employee has no Shop_ID or Manager_name columns in the schema."
26,No,student_transcripts_tracking,Find the last name of the students who currently live in the state of North Carolina but have not registered in any degree program.,SELECT T1.last_name FROM Students AS T1 JOIN Addresses AS T2 ON T1.current_address_id  =  T2.address_id WHERE T2.state_province_county  =  'NorthCarolina' EXCEPT SELECT DISTINCT T3.last_name FROM Students AS T3 JOIN Student_Enrolment AS T4 ON T3.student_id  =  T4.student_id,"SELECT T1.last_name 
FROM Students AS T1 
JOIN Addresses AS T2 ON T1.current_address_id = T2.address_id 
WHERE T2.state_province_county = 'North Carolina' 
  AND T1.student_id NOT IN (
    SELECT T3.student_id 
    FROM Student_Enrolment AS T3 
    JOIN Degree_Programs AS T4 ON T3.degree_program_id = T4.degree_program_id
  );",Literal value mismatch,"The query uses 'North Carolina' instead of the correct literal 'NorthCarolina', causing a mismatch with the stored state value."
27,Yes,dog_kennels,What are the first name and last name of the professionals who have done treatment with cost below average?,"SELECT DISTINCT T1.first_name ,  T1.last_name FROM Professionals AS T1 JOIN Treatments AS T2 WHERE cost_of_treatment  <  ( SELECT avg(cost_of_treatment) FROM Treatments )","SELECT T3.first_name, T3.last_name
FROM Treatments AS T1
JOIN Professionals AS T2 ON T1.professional_id = T2.professional_id
JOIN Breeds AS T3 ON T1.dog_id IN (
    SELECT dog_id
    FROM Dogs
    WHERE breed_code = 'Golden Retriever'
)
WHERE T1.cost_of_treatment < (
    SELECT AVG(cost_of_treatment)
    FROM Treatments
)",Schema / Join Hallucination,"The query selects first_name and last_name from the Breeds table, which does not have those columns, causing a schema error."
28,No,course_teach,List the name of teachers whose hometown is not `` Little Lever Urban District '' .,"select name from teacher where hometown != ""little lever urban district""",SELECT T2.Name FROM course_arrange AS T1 INNER JOIN teacher AS T2 ON T1.Teacher_ID = T2.Teacher_ID WHERE T2.Hometown != 'Little Lever Urban District';,Literal value mismatch,"The WHERE clause uses a differently cased literal ('Little Lever Urban District') than the gold ('little lever urban district'), causing incorrect filtering."
29,No,tvshow,find the id of tv channels that do not play any cartoon directed by Ben Jones.,SELECT id FROM TV_Channel EXCEPT SELECT channel FROM cartoon WHERE directed_by  =  'Ben Jones',SELECT DISTINCT T2.id FROM Cartoon AS T1 INNER JOIN TV_Channel AS T2 ON T1.Channel = T2.id WHERE T1.Directed_by != 'Ben Jones',Negation / exclusion logic,"Uses != filter on cartoons, which includes channels that also have Ben Jones cartoons and omits channels with no cartoons, instead of correctly excluding any channel that has a Ben Jones cartoon"
30,No,network_1,What is the name of the high schooler who has the greatest number of likes?,SELECT T2.name FROM Likes AS T1 JOIN Highschooler AS T2 ON T1.student_id  =  T2.id GROUP BY T1.student_id ORDER BY count(*) DESC LIMIT 1,"SELECT T2.name
FROM Likes AS T1
JOIN Highschooler AS T2 ON T1.student_id = T2.ID
GROUP BY T2.name
ORDER BY COUNT(T1.liked_id) DESC
LIMIT 1;",Aggregation / superlative logic,"The query groups by T2.name instead of the student identifier, causing incorrect counting of likes and thus a wrong superlative result."
31,Yes,network_1,Show the student IDs and numbers of friends corresponding to each.,"SELECT student_id ,  count(*) FROM Friend GROUP BY student_id","SELECT T1.student_id, COUNT(T2.friend_id) AS number_of_friends
FROM Friend AS T1
JOIN Highschooler AS T2 ON T1.friend_id = T2.ID
GROUP BY T1.student_id;",Schema / Join Hallucination,"The query references T2.friend_id, a column that does not exist in the Highschooler table, causing a schema error."
32,Yes,tvshow,list all cartoon titles and their directors ordered by their air date,"SELECT title ,  Directed_by FROM Cartoon ORDER BY Original_air_date","SELECT T1.Title, T1.Directed_by, T2.Air_Date
FROM Cartoon AS T1
JOIN TV_Channel AS T2 ON T1.Channel = T2.id
ORDER BY T2.Air_Date;",Schema / Join Hallucination,"The query joins TV_Channel and orders by T2.Air_Date, but TV_Channel has no Air_Date column in the schema."
33,Yes,world_1,Give the name of the country in Asia with the lowest life expectancy.,"SELECT Name FROM country WHERE Continent  =  ""Asia"" ORDER BY LifeExpectancy LIMIT 1",SELECT T2.Name FROM country AS T1 INNER JOIN countrylanguage AS T2 ON T1.Code = T2.CountryCode WHERE T1.Continent = 'Asia' ORDER BY T1.LifeExpectancy ASC LIMIT 1;,Schema / Join Hallucination,"The predicted SQL selects T2.Name, but the countrylanguage table (alias T2) has no Name column, causing a schema error."
34,Yes,pets_1,Find the average and maximum age for each type of pet.,"SELECT avg(pet_age) ,  max(pet_age) ,  pettype FROM pets GROUP BY pettype","SELECT p.PetType, AVG(s.Age) AS AverageAge, MAX(s.Age) AS MaxAge
FROM Students s
JOIN Has_Pet hp ON s.StuID = hp.StuID
JOIN Pets p ON hp.PetID = p.PetID
GROUP BY p.PetType;",Schema / Join Hallucination,"The query references a non‑existent table 'Students' instead of the defined 'Student', causing a schema error."
35,Yes,world_1,"Give the name, population, and head of state for the country that has the largest area.","SELECT Name ,  population ,  HeadOfState FROM country ORDER BY SurfaceArea DESC LIMIT 1","SELECT T2.Name, T2.Population, T2.HeadOfState
FROM country AS T1
JOIN city AS T2 ON T1.Code = T2.CountryCode
ORDER BY T1.SurfaceArea DESC
LIMIT 1;",Schema / Join Hallucination,"The query selects T2.HeadOfState, but the city table (alias T2) has no HeadOfState column, causing a schema error."
36,Yes,car_1,Which distinct car models are the produced after 1980?,SELECT DISTINCT T1.model FROM MODEL_LIST AS T1 JOIN CAR_NAMES AS T2 ON T1.model  =  T2.model JOIN CARS_DATA AS T3 ON T2.MakeId  =  T3.id WHERE T3.year  >  1980;,SELECT DISTINCT T2.Model FROM cars_data AS T1 INNER JOIN car_names AS T2 ON T1.MakeId = T2.MakeId WHERE T1.Year > 1980;,Schema / Join Hallucination,"The query joins on T1.MakeId, but the cars_data table has no MakeId column, violating the schema"
37,No,dog_kennels,What are all the possible breed type and size type combinations?,"SELECT DISTINCT breed_code ,  size_code FROM dogs","SELECT DISTINCT T1.breed_name, T2.size_description FROM Breeds AS T1 INNER JOIN Sizes AS T2 ON T1.breed_code = T2.size_code;",Schema / Join Hallucination,"The query joins Breeds and Sizes on breed_code = size_code, a relationship that does not exist in the schema."
38,No,wta_1,"What is the name of the winner who has won the most matches, and how many rank points does this player have?","SELECT winner_name ,  winner_rank_points FROM matches GROUP BY winner_name ORDER BY count(*) DESC LIMIT 1","SELECT p.first_name, p.last_name, r.ranking_points
FROM players p
JOIN rankings r ON p.player_id = r.player_id
JOIN (
    SELECT winner_id, COUNT(*) AS match_count
    FROM matches
    GROUP BY winner_id
    ORDER BY match_count DESC
    LIMIT 1
) m ON p.player_id = m.winner_id;",Output shape / source mismatch,"The query joins valid tables but returns first/last name and ranking_points from rankings instead of winner_name and winner_rank_points from matches, mismatching the expected output source and columns."
39,Yes,car_1,"For all of the 4 cylinder cars, which model has the most horsepower?",SELECT T1.Model FROM CAR_NAMES AS T1 JOIN CARS_DATA AS T2 ON T1.MakeId  =  T2.Id WHERE T2.Cylinders  =  4 ORDER BY T2.horsepower DESC LIMIT 1;,SELECT T2.Model FROM cars_data AS T1 INNER JOIN car_names AS T2 ON T1.MakeId = T2.MakeId WHERE T1.Cylinders = 4 GROUP BY T2.Model ORDER BY SUM(T1.Horsepower) DESC LIMIT 1;,Schema / Join Hallucination,"The predicted query joins on T1.MakeId, but the cars_data table has no MakeId column, violating the provided schema."
40,No,flight_2,Give the number of Jetblue Airways flights.,"SELECT count(*) FROM FLIGHTS AS T1 JOIN AIRLINES AS T2 ON T1.Airline  =  T2.uid WHERE T2.Airline = ""JetBlue Airways""","SELECT COUNT(*) 
FROM flights 
JOIN airlines ON flights.Airline = airlines.uid 
WHERE airlines.Airline = 'Jetblue Airways';",Literal value mismatch,"The query uses 'Jetblue Airways' instead of the exact string 'JetBlue Airways', causing a literal mismatch"
41,Yes,voter_1,"What are the create dates, states, and phone numbers of the votes that were for the contestant named 'Tabatha Gehling'?","SELECT T2.created ,  T2.state ,  T2.phone_number FROM contestants AS T1 JOIN votes AS T2 ON T1.contestant_number  =  T2.contestant_number WHERE T1.contestant_name  =  'Tabatha Gehling'","SELECT T3.created, T1.state, T2.phone_number 
FROM CONTESTANTS AS T1 
JOIN VOTES AS T2 ON T1.contestant_number = T2.contestant_number 
JOIN AREA_CODE_STATE AS T3 ON T2.state = T3.state 
WHERE T1.contestant_name = 'Tabatha Gehling';",Schema / Join Hallucination,"The query selects T3.created, but AREA_CODE_STATE (aliased T3) has no created column, causing a schema error."
