DB,Question,Gold SQL,Predicted SQL,Verdict,Category,Evidence,Gold_Suspect,Human_Agrees,Human_Category
network_1,Show the names of high school students and their corresponding number of friends.,"SELECT T2.name ,  count(*) FROM Friend AS T1 JOIN Highschooler AS T2 ON T1.student_id  =  T2.id GROUP BY T1.student_id","SELECT H.name, COUNT(F.friend_id) AS num_friends
FROM Highschooler H
JOIN Friend F ON H.ID = F.student_id
GROUP BY H.name;",ERROR,AGGREGATION_GROUPING,Predicted uses GROUP BY H.name instead of grouping by student ID (gold groups by T1.student_id),False,,
voter_1,What is the area code in which the most voters voted?,SELECT T1.area_code FROM area_code_state AS T1 JOIN votes AS T2 ON T1.state  =  T2.state GROUP BY T1.area_code ORDER BY count(*) DESC LIMIT 1,"SELECT area_code FROM AREA_CODE_STATE WHERE state = 
(SELECT state FROM VOTES GROUP BY state ORDER BY COUNT(*) DESC LIMIT 1)",ERROR,AGGREGATION_GROUPING,Predicted uses WHERE state = (SELECT state FROM VOTES GROUP BY state ORDER BY COUNT(*) DESC LIMIT 1) instead of grouping by area_code,False,,
network_1,How many friends does each student have?,"SELECT student_id ,  count(*) FROM Friend GROUP BY student_id","SELECT H1.name, COUNT(F2.student_id) AS friend_count
FROM Highschooler H1
JOIN Friend F2 ON H1.ID = F2.student_id
GROUP BY H1.name;",ERROR,AGGREGATION_GROUPING,GROUP BY H1.name,False,,
concert_singer,List all singer names in concerts in year 2014.,SELECT T2.name FROM singer_in_concert AS T1 JOIN singer AS T2 ON T1.singer_id  =  T2.singer_id JOIN concert AS T3 ON T1.concert_id  =  T3.concert_id WHERE T3.year  =  2014,"SELECT DISTINCT s.Name 
FROM singer s 
JOIN singer_in_concert sic ON s.Singer_ID = sic.Singer_ID 
JOIN concert c ON sic.concert_ID = c.concert_ID 
WHERE c.Year = '2014';",ERROR,DISTINCT_DUPLICATES,"Predicted uses SELECT DISTINCT s.Name, removing duplicate 'Justin Brown' present in gold result.",False,,
world_1,Return the country codes for countries that do not speak English.,"SELECT CountryCode FROM countrylanguage EXCEPT SELECT CountryCode FROM countrylanguage WHERE LANGUAGE  =  ""English""",SELECT T1.Code FROM country AS T1 INNER JOIN countrylanguage AS T2 ON T1.Code = T2.CountryCode WHERE T2.Language != 'English',ERROR,FILTER_CONDITION,"WHERE T2.Language != 'English' selects rows for countries that also have English, causing extra and duplicate country codes",False,,
world_1,What are the names of nations where both English and French are official languages?,"SELECT T1.Name FROM country AS T1 JOIN countrylanguage AS T2 ON T1.Code  =  T2.CountryCode WHERE T2.Language  =  ""English"" AND T2.IsOfficial  =  ""T"" INTERSECT SELECT T1.Name FROM country AS T1 JOIN countrylanguage AS T2 ON T1.Code  =  T2.CountryCode WHERE T2.Language  =  ""French"" AND T2.IsOfficial  =  ""T""",SELECT T2.Name FROM countrylanguage AS T1 INNER JOIN country AS T2 ON T1.CountryCode = T2.Code WHERE T1.Language = 'English' INTERSECT SELECT T2.Name FROM countrylanguage AS T1 INNER JOIN country AS T2 ON T1.CountryCode = T2.Code WHERE T1.Language = 'French',ERROR,FILTER_CONDITION,"Predicted WHERE clause lacks ""AND T2.IsOfficial = 'T'"" present in gold query",False,,
real_estate_properties,Show the property type descriptions of properties belonging to that code.,SELECT T2.property_type_description FROM Properties AS T1 JOIN Ref_Property_Types AS T2 ON T1.property_type_code  =  T2.property_type_code GROUP BY T1.property_type_code,SELECT T2.property_type_description FROM Properties AS T1 INNER JOIN Ref_Property_Types AS T2 ON T1.property_type_code = T2.property_type_code WHERE T1.property_type_code = 'SINGLE_FAMILY';,ERROR,FILTER_CONDITION,WHERE T1.property_type_code = 'SINGLE_FAMILY' adds an extra filter not in the question,False,,
tvshow,What are the ids of the TV channels that do not have any cartoons directed by Ben Jones?,SELECT id FROM TV_Channel EXCEPT SELECT channel FROM cartoon WHERE directed_by  =  'Ben Jones',SELECT DISTINCT T2.id FROM Cartoon AS T1 INNER JOIN TV_Channel AS T2 ON T1.Channel = T2.id WHERE T1.Directed_by != 'Ben Jones',ERROR,FILTER_CONDITION,"WHERE T1.Directed_by != 'Ben Jones' selects channels with any non‑Ben Jones cartoon, including those that also have Ben Jones cartoons, missing channels with no cartoons.",False,,
real_estate_properties,What are the names of properties that are either houses or apartments with more than 1 room?,"SELECT property_name FROM Properties WHERE property_type_code  =  ""House"" UNION SELECT property_name FROM Properties WHERE property_type_code  =  ""Apartment"" AND room_count  >  1","SELECT p.property_name 
FROM Properties p 
JOIN Ref_Property_Types pt ON p.property_type_code = pt.property_type_code 
WHERE pt.property_type_description IN ('House', 'Apartment') AND p.room_count > 1;",ERROR,FILTER_CONDITION,"WHERE pt.property_type_description IN ('House', 'Apartment') AND p.room_count > 1 (applies room_count filter to both types)",False,,
dog_kennels,"List each owner's first name, last name, and the size of his for her dog.","SELECT T1.first_name ,  T1.last_name ,  T2.size_code FROM Owners AS T1 JOIN Dogs AS T2 ON T1.owner_id  =  T2.owner_id","SELECT O.first_name, O.last_name, S.size_description
FROM Owners O
JOIN Dogs D ON O.owner_id = D.owner_id
JOIN Sizes S ON D.size_code = S.size_code;",GOLD_ISSUE,GOLD_ISSUE,Gold selects T2.size_code while prediction selects S.size_description,True,,
concert_singer,List all song names by singers above the average age.,SELECT song_name FROM singer WHERE age  >  (SELECT avg(age) FROM singer),"SELECT s.Song_Name 
FROM singer s 
JOIN singer_in_concert sic ON s.Singer_ID = sic.Singer_ID 
JOIN concert c ON sic.concert_ID = c.concert_ID 
WHERE s.Age > (SELECT AVG(Age) FROM singer)",ERROR,JOIN,JOIN singer_in_concert sic ON s.Singer_ID = sic.Singer_ID,False,,
course_teach,What is the age and hometown of every teacher?,"SELECT Age ,  Hometown FROM teacher","SELECT T1.Age, T1.Hometown FROM teacher AS T1 INNER JOIN course_arrange AS T2 ON T1.Teacher_ID = T2.Teacher_ID",ERROR,JOIN,"Predicted uses INNER JOIN ... ON T1.Teacher_ID = T2.Teacher_ID, filtering out teachers without courses",False,,
battle_death,"Show names, results and bulgarian commanders of the battles with no ships lost in the 'English Channel'.","SELECT name ,  RESULT ,  bulgarian_commander FROM battle EXCEPT SELECT T1.name ,  T1.result ,  T1.bulgarian_commander FROM battle AS T1 JOIN ship AS T2 ON T1.id  =  T2.lost_in_battle WHERE T2.location  =  'English Channel'","SELECT T1.name, T1.result, T1.bulgarian_commander
FROM battle AS T1
JOIN ship AS T2 ON T1.id = T2.lost_in_battle
WHERE T2.location != 'English Channel';",ERROR,JOIN,Predicted uses JOIN ship and WHERE T2.location != 'English Channel' instead of excluding battles with ships in English Channel,False,,
wta_1,List the first name and birth date of all players from the country with code USA.,"SELECT first_name ,  birth_date FROM players WHERE country_code  =  'USA'","SELECT p.first_name, p.birth_date
FROM players p
JOIN rankings r ON p.player_id = r.player_id
WHERE p.country_code = 'USA';",ERROR,JOIN,JOIN rankings r ON p.player_id = r.player_id,False,,
tvshow,Find the series name and country of the tv channel that is playing some cartoons directed by Ben Jones and Michael Chang?,"SELECT T1.series_name ,  T1.country FROM TV_Channel AS T1 JOIN cartoon AS T2 ON T1.id = T2.Channel WHERE T2.directed_by  =  'Michael Chang' INTERSECT SELECT T1.series_name ,  T1.country FROM TV_Channel AS T1 JOIN cartoon AS T2 ON T1.id = T2.Channel WHERE T2.directed_by  =  'Ben Jones'","SELECT T2.series_name, T2.Country 
FROM Cartoon AS T1 
JOIN TV_Channel AS T2 ON T1.Channel = T2.id 
WHERE T1.Directed_by IN ('Ben Jones', 'Michael Chang');",ERROR,NESTING_SET_OPS,"Predicted uses WHERE T1.Directed_by IN ('Ben Jones', 'Michael Chang') instead of INTERSECT of two director-specific queries",False,,
voter_1,List the area codes in which voters voted both for the contestant 'Tabatha Gehling' and the contestant 'Kelly Clauss'.,SELECT T3.area_code FROM contestants AS T1 JOIN votes AS T2 ON T1.contestant_number  =  T2.contestant_number JOIN area_code_state AS T3 ON T2.state  =  T3.state WHERE T1.contestant_name  =  'Tabatha Gehling' INTERSECT SELECT T3.area_code FROM contestants AS T1 JOIN votes AS T2 ON T1.contestant_number  =  T2.contestant_number JOIN area_code_state AS T3 ON T2.state  =  T3.state WHERE T1.contestant_name  =  'Kelly Clauss',"SELECT DISTINCT T1.area_code 
FROM AREA_CODE_STATE AS T1 
JOIN VOTES AS T2 ON T1.state = T2.state 
WHERE T2.contestant_number IN (
    SELECT contestant_number 
    FROM CONTESTANTS 
    WHERE contestant_name = 'Tabatha Gehling'
) 
AND T2.contestant_number IN (
    SELECT contestant_number 
    FROM CONTESTANTS 
    WHERE contestant_name = 'Kelly Clauss'
);",ERROR,NESTING_SET_OPS,Predicted uses AND of two IN subqueries instead of INTERSECT between two SELECTs,False,,
battle_death,What are the death and injury situations caused by the ship with tonnage 't'?,"SELECT T1.killed ,  T1.injured FROM death AS T1 JOIN ship AS t2 ON T1.caused_by_ship_id  =  T2.id WHERE T2.tonnage  =  't'","SELECT d.note, d.killed, d.injured
FROM death d
JOIN ship s ON d.caused_by_ship_id = s.id
WHERE s.tonnage = 't';",ERROR,OUTPUT_SHAPE,"SELECT d.note, d.killed, d.injured ... returns note column extra",False,,
tvshow,"What is the episode for the TV series named ""Sky Radio""?","SELECT T2.Episode FROM TV_Channel AS T1 JOIN TV_series AS T2 ON T1.id = T2.Channel WHERE T1.series_name = ""Sky Radio"";",SELECT Episode FROM TV_series WHERE series_name = 'Sky Radio';,ERROR,SCHEMA_LINKING,WHERE series_name = 'Sky Radio' (series_name column does not exist in TV_series),False,,
world_1,What are the African countries that have a  population less than any country in Asia?,"SELECT Name FROM country WHERE Continent  =  ""Africa""  AND population  <  (SELECT max(population) FROM country WHERE Continent  =  ""Asia"")",SELECT T2.Name FROM country AS T1 INNER JOIN city AS T3 ON T1.Code = T3.CountryCode INNER JOIN countrylanguage AS T4 ON T1.Code = T4.CountryCode WHERE T1.Continent = 'Africa' AND T1.Population < ( SELECT MIN(Population) FROM country WHERE Continent = 'Asia' ),ERROR,SCHEMA_LINKING,SELECT T2.Name ... (no alias T2 defined),True,,
concert_singer,What is the name and country of origin of every singer who has a song with the word 'Hey' in its title?,"SELECT name ,  country FROM singer WHERE song_name LIKE '%Hey%'","SELECT s.Name, s.Country FROM singer s
JOIN singer_in_concert sic ON s.Singer_ID = sic.Singer_ID
JOIN concert c ON sic.concert_ID = c.concert_ID
JOIN song ON c.concert_ID = song.concert_ID
WHERE song.Song_Name LIKE '%Hey%'",ERROR,SCHEMA_LINKING,JOIN song ON c.concert_ID = song.concert_ID (references non-existent table 'song'),False,,
dog_kennels,"Find the id, last name and cell phone of the professionals who live in the state of Indiana or have performed more than two treatments.","SELECT professional_id ,  last_name ,  cell_number FROM Professionals WHERE state  =  'Indiana' UNION SELECT T1.professional_id ,  T1.last_name ,  T1.cell_number FROM Professionals AS T1 JOIN Treatments AS T2 ON T1.professional_id  =  T2.professional_id GROUP BY T1.professional_id HAVING count(*)  >  2","SELECT T3.professional_id, T3.last_name, T3.cell_number
FROM Owners AS T1
JOIN Dogs AS T2 ON T1.owner_id = T2.owner_id
JOIN Treatments AS T3 ON T2.dog_id = T3.dog_id
WHERE T1.state = 'Indiana' OR COUNT(T3.treatment_id) > 2;",ERROR,SCHEMA_LINKING,"SELECT T3.professional_id, T3.last_name, T3.cell_number ... T3.last_name does not exist in Treatments table",False,,
car_1,What is the model for the car with a weight smaller than the average?,SELECT T1.model FROM CAR_NAMES AS T1 JOIN CARS_DATA AS T2 ON T1.MakeId  =  T2.Id WHERE T2.Weight  <  (SELECT avg(Weight) FROM CARS_DATA),SELECT T2.Model FROM cars_data AS T1 INNER JOIN car_names AS T2 ON T1.MakeId = T2.MakeId WHERE T1.Weight < (SELECT AVG(Weight) FROM cars_data),ERROR,SCHEMA_LINKING,ON T1.MakeId = T2.MakeId uses non-existent column T1.MakeId,False,,
car_1,Which distinctive models are produced by maker with the full name General Motors or weighing more than 3500?,SELECT DISTINCT T2.Model FROM CAR_NAMES AS T1 JOIN MODEL_LIST AS T2 ON T1.Model  =  T2.Model JOIN CAR_MAKERS AS T3 ON T2.Maker  =  T3.Id JOIN CARS_DATA AS T4 ON T1.MakeId  =  T4.Id WHERE T3.FullName  =  'General Motors' OR T4.weight  >  3500;,SELECT DISTINCT T2.Model FROM car_makers AS T1 INNER JOIN car_names AS T2 ON T1.Id = T2.MakeId INNER JOIN cars_data AS T3 ON T2.MakeId = T3.MakeId WHERE T1.FullName = 'General Motors' OR T3.Weight > 3500;,ERROR,SCHEMA_LINKING,JOIN car_names AS T2 ON T1.Id = T2.MakeId ... JOIN cars_data AS T3 ON T2.MakeId = T3.MakeId uses non‑existent/incorrect columns,False,,
pets_1,Find the average and maximum age for each type of pet.,"SELECT avg(pet_age) ,  max(pet_age) ,  pettype FROM pets GROUP BY pettype","SELECT p.PetType, AVG(s.Age) AS AverageAge, MAX(s.Age) AS MaxAge
FROM Has_Pet hp
JOIN Student s ON hp.StuID = s.StuID
JOIN Pets p ON hp.PetID = p.PetID
GROUP BY p.PetType;",ERROR,SCHEMA_LINKING,"SELECT AVG(s.Age) ... should use pet_age, not s.Age",False,,
orchestra,What are years of founding for orchestras that have had more than a single performance?,SELECT Year_of_Founded FROM orchestra AS T1 JOIN performance AS T2 ON T1.Orchestra_ID  =  T2.Orchestra_ID GROUP BY T2.Orchestra_ID HAVING COUNT(*)  >  1,SELECT T2.Year_of_Founded FROM orchestra AS T1 INNER JOIN performance AS T2 ON T1.Orchestra_ID = T2.Orchestra_ID GROUP BY T1.Orchestra_ID HAVING COUNT(T2.Performance_ID) > 1;,ERROR,SCHEMA_LINKING,SELECT T2.Year_of_Founded ... (Year_of_Founded does not exist in performance alias T2),False,,
employee_hire_evaluation,"For each shop, return the number of employees working there and the name of the shop.","SELECT count(*) ,  t2.name FROM hiring AS t1 JOIN shop AS t2 ON t1.shop_id  =  t2.shop_id GROUP BY t2.name","SELECT s.Name, COUNT(e.Employee_ID) AS Number_of_Employees
FROM shop s
JOIN hiring h ON s.Shop_ID = h.Shop_ID
GROUP BY s.Shop_ID, s.Name;",ERROR,SCHEMA_LINKING,SELECT ... COUNT(e.Employee_ID) ... FROM shop s JOIN hiring h ... uses e.Employee_ID which is not a column in any referenced table,False,,
course_teach,What are the names of the teachers and the courses they teach in ascending alphabetical order by the name of the teacher?,"SELECT T3.Name ,  T2.Course FROM course_arrange AS T1 JOIN course AS T2 ON T1.Course_ID  =  T2.Course_ID JOIN teacher AS T3 ON T1.Teacher_ID  =  T3.Teacher_ID ORDER BY T3.Name","SELECT T2.Name, T1.Course FROM course_arrange AS T1 INNER JOIN teacher AS T2 ON T1.Teacher_ID = T2.Teacher_ID ORDER BY T2.Name ASC;",ERROR,SCHEMA_LINKING,"Predicted SQL selects T1.Course, but column 'Course' does not exist in table course_arrange (T1).",False,,
