#,Invalid?,DB,Question,Gold SQL,Predicted SQL
1,No,battle_death,"Show names, results and bulgarian commanders of the battles with no ships lost in the 'English Channel'.","SELECT name ,  RESULT ,  bulgarian_commander FROM battle EXCEPT SELECT T1.name ,  T1.result ,  T1.bulgarian_commander FROM battle AS T1 JOIN ship AS T2 ON T1.id  =  T2.lost_in_battle WHERE T2.location  =  'English Channel'","SELECT T1.name ,  T1.result ,  T1.bulgarian_commander FROM battle AS T1 JOIN ship AS T2 ON T1.id = T2.lost_in_battle WHERE T2.location != 'English Channel' AND T2.disposition_of_ship = 'sunk'"
2,Yes,battle_death,What are the ids and names of the battles that led to more than 10 people killed in total.,"SELECT T1.id ,  T1.name FROM battle AS T1 JOIN ship AS T2 ON T1.id  =  T2.lost_in_battle JOIN death AS T3 ON T2.id  =  T3.caused_by_ship_id GROUP BY T1.id HAVING sum(T3.killed)  >  10","SELECT T2.id, T2.name FROM death AS T1 JOIN battle AS T2 ON T1.bulgarian_commander = T2.bulgarian_commander WHERE T1.killed > 10 GROUP BY T2.id, T2.name"
3,Yes,battle_death,What are the death and injury situations caused by the ship with tonnage 't'?,"SELECT T1.killed ,  T1.injured FROM death AS T1 JOIN ship AS t2 ON T1.caused_by_ship_id  =  T2.id WHERE T2.tonnage  =  't'","SELECT T1.death, T1.injured FROM death AS T1 JOIN ship AS T2 ON T1.caused_by_ship_id = T2.id WHERE T2.tonnage = 't'"
4,Yes,car_1,Which distinctive models are produced by maker with the full name General Motors or weighing more than 3500?,SELECT DISTINCT T2.Model FROM CAR_NAMES AS T1 JOIN MODEL_LIST AS T2 ON T1.Model  =  T2.Model JOIN CAR_MAKERS AS T3 ON T2.Maker  =  T3.Id JOIN CARS_DATA AS T4 ON T1.MakeId  =  T4.Id WHERE T3.FullName  =  'General Motors' OR T4.weight  >  3500;,SELECT DISTINCT T2.Model FROM car_makers AS T1 INNER JOIN car_names AS T2 ON T1.Id = T2.MakeId WHERE T1.FullName = 'General Motors' OR T2.Weight > 3500
5,Yes,concert_singer,What are the names of the singers and number of concerts for each person?,"SELECT T2.name ,  count(*) FROM singer_in_concert AS T1 JOIN singer AS T2 ON T1.singer_id  =  T2.singer_id GROUP BY T2.singer_id","SELECT T2.Name ,  COUNT(*) FROM singer AS T1 JOIN singer_in_concert AS T2 ON T1.Singer_ID = T2.Singer_ID GROUP BY T2.Singer_ID"
6,Yes,course_teach,What is the name of each teacher and what course they teach?,"SELECT T3.Name ,  T2.Course FROM course_arrange AS T1 JOIN course AS T2 ON T1.Course_ID  =  T2.Course_ID JOIN teacher AS T3 ON T1.Teacher_ID  =  T3.Teacher_ID","SELECT T2.Name ,  T1.Course FROM course AS T1 JOIN course_arrange AS T2 ON T1.Course_ID  =  T2.Course_ID JOIN teacher AS T3 ON T2.Teacher_ID  =  T3.Teacher_ID"
7,No,cre_Doc_Template_Mgt,What are the distinct template type descriptions for the templates ever used by any document?,SELECT DISTINCT T1.template_type_description FROM Ref_template_types AS T1 JOIN Templates AS T2 ON T1.template_type_code  = T2.template_type_code JOIN Documents AS T3 ON T2.Template_ID  =  T3.template_ID,SELECT DISTINCT T2.Template_Type_Description FROM Templates AS T1 INNER JOIN Ref_Template_Types AS T2 ON T1.Template_Type_Code = T2.Template_Type_Code
8,No,dog_kennels,List the first name of all the professionals along with the description of the treatment they have done.,"SELECT DISTINCT T1.first_name ,  T3.treatment_type_description FROM professionals AS T1 JOIN Treatments AS T2 ON T1.professional_id  =  T2.professional_id JOIN Treatment_types AS T3 ON T2.treatment_type_code  =  T3.treatment_type_code","SELECT P.first_name, TT.treatment_type_description
FROM Professionals P
JOIN Treatments T ON P.professional_id = T.professional_id
JOIN Treatment_Types TT ON T.treatment_type_code = TT.treatment_type_code;"
9,No,employee_hire_evaluation,Find the name of the employee who got the highest one time bonus.,SELECT t1.name FROM employee AS t1 JOIN evaluation AS t2 ON t1.Employee_ID  =  t2.Employee_ID ORDER BY t2.bonus DESC LIMIT 1,SELECT T1.Name FROM employee AS T1 JOIN evaluation AS T2 ON T1.Employee_ID = T2.Employee_ID WHERE T2.Year_awarded LIKE 'one-time' ORDER BY T2.Bonus DESC LIMIT 1
10,No,museum_visit,"What are the id, name and membership level of visitors who have spent the largest amount of money in total in all museum tickets?","SELECT t2.visitor_id ,  t1.name ,  t1.Level_of_membership FROM visitor AS t1 JOIN visit AS t2 ON t1.id  =  t2.visitor_id GROUP BY t2.visitor_id ORDER BY sum(t2.Total_spent) DESC LIMIT 1","SELECT T1.id ,  T1.Name ,  T1.Level_of_membership FROM visitor AS T1 JOIN visit AS T2 ON T1.id  =  T2.visitor_id GROUP BY T1.id ORDER BY sum(T2.Total_spent) DESC LIMIT 1"
11,No,network_1,What are the ids of students who both have friends and are liked?,SELECT student_id FROM Friend INTERSECT SELECT liked_id FROM Likes,SELECT student_id FROM Friend INTERSECT SELECT student_id FROM Likes;
12,No,network_1,What are the names of high schoolers who both have friends and are liked?,SELECT T2.name FROM Friend AS T1 JOIN Highschooler AS T2 ON T1.student_id  =  T2.id INTERSECT SELECT T2.name FROM Likes AS T1 JOIN Highschooler AS T2 ON T1.liked_id  =  T2.id,SELECT T1.name FROM Highschooler AS T1 JOIN Friend AS T2 ON T1.id  =  T2.student_id JOIN Likes AS T3 ON T1.id  =  T3.student_id
13,No,orchestra,What is the name of the conductor who has conducted the most orchestras?,SELECT T1.Name FROM conductor AS T1 JOIN orchestra AS T2 ON T1.Conductor_ID  =  T2.Conductor_ID GROUP BY T2.Conductor_ID ORDER BY COUNT(*) DESC LIMIT 1,SELECT T1.Name FROM conductor AS T1 JOIN orchestra AS T2 ON T1.Conductor_ID = T2.Conductor_ID GROUP BY T1.Name ORDER BY COUNT(T2.Orchestra_ID) DESC LIMIT 1
14,No,real_estate_properties,Show the property type descriptions of properties belonging to that code.,SELECT T2.property_type_description FROM Properties AS T1 JOIN Ref_Property_Types AS T2 ON T1.property_type_code  =  T2.property_type_code GROUP BY T1.property_type_code,"SELECT DISTINCT p.property_type_code, rpt.property_type_description
FROM Properties p
JOIN Ref_Property_Types rpt ON p.property_type_code = rpt.property_type_code;"
15,No,real_estate_properties,What are the names of properties that are either houses or apartments with more than 1 room?,"SELECT property_name FROM Properties WHERE property_type_code  =  ""House"" UNION SELECT property_name FROM Properties WHERE property_type_code  =  ""Apartment"" AND room_count  >  1","SELECT p.property_name
FROM Properties p
WHERE (p.property_type_code = 'HSE' OR p.property_type_code = 'APT') AND p.room_count > 1;"
16,No,singer,What are the names of the singers who are not French citizens?,"SELECT Name FROM singer WHERE Citizenship != ""France""",SELECT Name FROM singer WHERE Citizenship != 'French'
17,No,student_transcripts_tracking,"Show the date of the transcript which shows the least number of results, also list the id.","SELECT T2.transcript_date ,  T1.transcript_id FROM Transcript_Contents AS T1 JOIN Transcripts AS T2 ON T1.transcript_id  =  T2.transcript_id GROUP BY T1.transcript_id ORDER BY count(*) ASC LIMIT 1","SELECT transcript_date, transcript_id 
FROM Transcripts 
ORDER BY transcript_id ASC 
LIMIT 1;"
18,No,student_transcripts_tracking,What are the last name of the students who live in North Carolina but have not registered in any degree programs?,SELECT T1.last_name FROM Students AS T1 JOIN Addresses AS T2 ON T1.current_address_id  =  T2.address_id WHERE T2.state_province_county  =  'NorthCarolina' EXCEPT SELECT DISTINCT T3.last_name FROM Students AS T3 JOIN Student_Enrolment AS T4 ON T3.student_id  =  T4.student_id,SELECT last_name FROM Students WHERE current_address_id IN ( SELECT address_id FROM Addresses WHERE state_province_county = 'North Carolina' ) AND student_id NOT IN ( SELECT student_id FROM Student_Enrolment );
19,No,tvshow,Find the series name and country of the tv channel that is playing some cartoons directed by Ben Jones and Michael Chang?,"SELECT T1.series_name ,  T1.country FROM TV_Channel AS T1 JOIN cartoon AS T2 ON T1.id = T2.Channel WHERE T2.directed_by  =  'Michael Chang' INTERSECT SELECT T1.series_name ,  T1.country FROM TV_Channel AS T1 JOIN cartoon AS T2 ON T1.id = T2.Channel WHERE T2.directed_by  =  'Ben Jones'","SELECT TC.series_name, TC.Country 
FROM TV_Channel AS TC 
JOIN Cartoon AS C ON TC.id = C.Channel 
WHERE C.Directed_by IN ('Ben Jones', 'Michael Chang');"
20,No,world_1,What is the total population and average area of countries in the continent of North America whose area is bigger than 3000 ?,"select sum(population) ,  avg(surfacearea) from country where continent  =  ""north america"" and surfacearea  >  3000","SELECT SUM(Population) AS TotalPopulation, AVG(SurfaceArea) AS AverageArea 
FROM country 
WHERE Continent = 'North America' AND SurfaceArea > 3000;"
21,No,world_1,What is the number of nations that use English and Dutch?,"SELECT COUNT(*) FROM (SELECT T1.Name FROM country AS T1 JOIN countrylanguage AS T2 ON T1.Code  =  T2.CountryCode WHERE T2.Language  =  ""English"" INTERSECT SELECT T1.Name FROM country AS T1 JOIN countrylanguage AS T2 ON T1.Code  =  T2.CountryCode WHERE T2.Language  =  ""Dutch"")","SELECT COUNT(*) FROM countrylanguage WHERE Language IN ('English', 'Dutch') AND IsOfficial = 'Yes'"
22,No,wta_1,Find the total ranking points for each player and their first name.,"SELECT sum(ranking_points) ,  T1.first_name FROM players AS T1 JOIN rankings AS T2 ON T1.player_id  =  T2.player_id GROUP BY T1.first_name","SELECT p.first_name, SUM(r.ranking_points) as total_ranking_points FROM players p JOIN rankings r ON p.player_id = r.player_id GROUP BY p.player_id, p.first_name;"
23,No,wta_1,"What are the first names of all players, and their total ranking points?","SELECT sum(ranking_points) ,  T1.first_name FROM players AS T1 JOIN rankings AS T2 ON T1.player_id  =  T2.player_id GROUP BY T1.first_name","SELECT T1.first_name, SUM(T3.ranking_points) as total_ranking_points FROM players AS T1 JOIN matches AS T2 ON T1.player_id = T2.winner_id JOIN rankings AS T3 ON T1.player_id = T3.player_id GROUP BY T1.first_name"
